날짜,동아쏘시오홀딩스,세아베스틸지주,오리온홀딩스,아모레퍼시픽홀딩스,현대지에프홀딩스,영원무역홀딩스,삼성물산,KT,LG유플러스,강원랜드,KOSPI
2022-08-26,103457,18050,14850,34850,5131,52000,122500,38050,12050,26500,2481.03
2022-08-29,101028,19150,14800,33850,5045,51100,119000,38000,11700,26300,2426.89
2022-08-30,102971,19450,14850,34500,4992,51600,119500,37900,11750,26700,2450.93
2022-08-31,105400,18650,14600,34900,5071,52900,120500,37200,11500,26550,2472.05
2022-09-01,102000,18900,14150,34500,4973,51300,117000,36650,11200,26350,2415.61
2022-09-02,103457,20000,14100,33800,4926,52200,116000,36650,11350,26050,2409.41
2022-09-05,103457,21750,14100,33850,4926,52000,115000,36950,11350,26150,2403.68
2022-09-06,103457,22050,14200,33950,4959,52200,115500,37100,11150,26050,2410.02
2022-09-07,101028,21100,13900,33200,4821,52300,114000,36350,11200,25750,2376.46
2022-09-08,97628,19650,14200,33450,4847,52600,116000,37450,11200,25550,2384.28
2022-09-13,101028,19700,14550,34150,4946,53000,117500,37050,11350,26000,2449.54
2022-09-14,99085,18950,14400,33550,4880,52400,115000,36400,11250,25400,2411.42
2022-09-15,101028,20300,14200,33300,4847,53900,114500,35950,11250,25400,2401.83
2022-09-16,99085,19350,14550,33800,4828,53600,113000,35900,11450,25350,2382.78
2022-09-19,99571,18850,14550,33050,4617,54600,112000,35700,11300,25250,2355.66
2022-09-20,99085,18650,14600,33250,4722,55700,113500,36350,11450,25950,2367.85
2022-09-21,100542,18750,14650,33250,4650,55100,112500,36550,11550,25750,2347.21
2022-09-22,98600,19750,14850,32050,4591,54600,111500,36100,11250,26350,2332.31
2022-09-23,96560,20050,14450,30100,4465,53100,108500,36350,11350,25700,2290.0
2022-09-26,95880,18700,14200,29100,4340,50800,105500,36800,11150,24650,2220.94
2022-09-27,95200,18450,15050,29700,4386,52600,107000,36500,11150,25300,2223.86
2022-09-28,93937,17150,14850,28850,4446,52400,104000,35250,10700,24900,2169.29
2022-09-29,97628,16650,15150,28050,4380,52500,105500,35550,10750,23900,2170.93
2022-09-30,98114,16250,14800,26850,4222,51100,103500,36200,10750,23550,2155.49
2022-10-04,96462,17550,14900,26600,4380,52000,107000,36150,10650,24050,2209.38
2022-10-05,97045,17750,14600,25950,4314,51500,106500,35900,10900,23700,2215.22
2022-10-06,95588,17600,14950,26900,4347,52600,109000,35450,10800,24100,2237.86
2022-10-07,95782,17200,14900,25650,4255,53600,110500,34750,10700,24200,2232.84
2022-10-11,93062,16150,15000,24300,4130,53000,109500,33900,10500,23650,2192.07
2022-10-12,92868,17200,14700,24250,4149,51200,108000,34350,10450,23850,2202.47
2022-10-13,91508,16550,14250,23750,3958,50700,107000,33900,10250,23150,2162.87
2022-10-14,95685,18650,14350,25000,4209,51200,110500,34800,10450,23700,2212.55
2022-10-17,96365,16900,14350,25100,4255,51400,111000,35000,10550,23400,2219.71
2022-10-18,97628,17050,14600,25500,4321,51700,111000,35500,10900,23850,2249.95
2022-10-19,95685,16750,14350,25050,4274,51500,108500,35250,10900,23300,2237.44
2022-10-20,96462,16450,14200,25350,4386,51700,110500,35350,11100,23050,2218.09
2022-10-21,95200,16200,14150,25350,4261,51400,109500,35750,11250,23100,2213.12
2022-10-24,97142,16550,14200,25650,4373,51400,111000,35850,11200,23100,2236.16
2022-10-25,95977,16200,14150,24900,4327,50800,110000,36000,11250,23000,2235.07
2022-10-26,96171,15850,14150,24500,4268,50900,112000,36400,11250,22800,2249.56
2022-10-27,98600,16600,14200,25400,4367,51900,119000,36600,11400,22750,2288.78
2022-10-28,99085,16450,14400,25850,4274,51800,118000,36600,11400,23400,2268.4
2022-10-31,99085,16750,14300,24700,4288,54100,118500,36600,11450,23000,2293.61
2022-11-01,99085,17550,14300,25550,4307,53600,120000,35750,11400,23150,2335.22
2022-11-02,100542,17600,14250,25950,4288,54400,119000,36100,11350,22950,2336.87
2022-11-03,97628,18300,14100,25200,4215,53700,121000,35800,11250,23000,2329.17
2022-11-04,99085,18200,14350,26950,4373,53400,120500,36500,11750,23350,2348.43
2022-11-07,99571,18350,14300,26400,4334,53900,120500,36300,11700,23400,2371.79
2022-11-08,99571,18400,14350,27650,4373,53700,121500,36500,11800,23700,2399.04
2022-11-09,99571,18600,14350,27900,4479,54100,122000,37000,12000,23550,2424.41
2022-11-10,98600,18750,14450,27200,4498,54500,121500,36550,11800,23700,2402.23
2022-11-11,98600,18950,14600,28800,4538,54600,123000,36600,11950,24150,2483.16
2022-11-14,98600,18950,14750,29250,4538,57500,122500,36700,11950,24250,2474.65
2022-11-15,99085,18750,14750,31100,4577,56900,123000,36450,11850,24150,2480.33
2022-11-16,98600,19250,14650,31150,4571,56900,124500,36300,11700,24150,2477.45
2022-11-17,98114,18600,14900,31100,4577,55700,120000,36300,11950,24050,2442.9
2022-11-18,98114,18800,14700,31700,4577,55300,121500,36600,12050,24050,2444.48
2022-11-21,96657,19000,14600,29300,4518,55400,122500,36550,11950,24250,2419.5
2022-11-22,95782,19150,14800,28550,4505,55000,122500,36850,12050,23950,2405.27
2022-11-23,97628,19350,15150,29700,4551,55300,119500,37150,12150,24200,2418.01
2022-11-24,98600,18900,15100,31300,4551,55500,120000,36650,12000,24300,2441.33
2022-11-25,99571,18950,15150,30800,4544,55500,119500,37100,12000,24100,2437.86
2022-11-28,98600,19000,15050,32750,4492,55600,119500,37150,11950,24000,2408.27
2022-11-29,99571,18900,15300,33000,4518,56200,121000,37150,11950,24600,2433.39
2022-11-30,99085,19250,15300,31650,4643,56900,122000,37400,12100,25050,2472.53
2022-12-01,97142,19900,15650,31300,4703,59100,121500,37400,12050,24650,2479.84
2022-12-02,97628,19550,15550,33000,4624,59000,117500,37450,12050,24600,2434.33
2022-12-05,97628,19300,15600,34550,4584,58800,116500,37550,12050,24650,2419.32
2022-12-06,98600,18950,15650,32900,4564,58200,116000,37300,11800,24650,2393.16
2022-12-07,97142,19300,15750,32800,4465,58900,116000,37400,11650,24900,2382.81
2022-12-08,97142,19300,15550,32700,4419,58900,117500,37600,11900,24650,2371.08
2022-12-09,98600,19300,15850,35950,4564,60300,118500,37700,12050,24650,2389.04
2022-12-12,98600,18950,15850,33950,4689,59500,117500,37950,11950,24350,2373.02
2022-12-13,99571,18650,15450,33750,4656,58300,118500,37600,12050,24450,2372.4
2022-12-14,100057,18600,15550,34100,4670,59400,121000,37000,12050,24400,2399.25
2022-12-15,99085,18600,15350,32850,4643,59800,120000,36650,11950,24000,2360.97
2022-12-16,98600,18400,15700,34000,4663,59100,120000,36300,11700,23950,2360.02
2022-12-19,98600,18500,15600,33400,4683,59200,120000,36050,11550,24100,2352.17
2022-12-20,98600,18900,15650,33100,4663,59300,118000,35750,11600,23750,2333.29
2022-12-21,98600,18700,16050,33300,4703,60100,118500,35800,11500,23800,2328.95
2022-12-22,98600,18650,16150,34100,4722,61500,120000,35800,11800,24100,2356.73
2022-12-23,97628,18100,16050,34000,4643,64000,118000,35800,11800,23950,2313.69
2022-12-26,98114,18300,15900,33850,4676,63700,119500,36000,11800,23600,2317.14
2022-12-27,99571,18900,16050,36250,4782,63500,119500,36300,11900,23800,2332.79
2022-12-28,99571,17400,15650,36100,4610,62200,118000,33850,11350,23550,2280.45
2022-12-29,98600,16300,15350,34900,4433,61400,113500,33800,11050,23200,2236.4
2023-01-02,97628,15400,14950,34850,4307,58700,111500,32500,10750,22900,2225.67
2023-01-03,97045,15400,14850,34250,4353,58500,111000,33350,10900,22700,2218.68
2023-01-04,96462,15550,15100,33400,4406,57700,115500,33750,10900,22900,2255.98
2023-01-05,96462,16350,15200,35050,4406,58100,113500,33750,11000,23550,2264.65
2023-01-06,96171,16500,15250,35200,4446,57500,114500,33950,11100,23300,2289.97
2023-01-09,95977,16450,15350,37850,4584,58800,118500,34250,11100,23700,2350.19
2023-01-10,94714,16650,15350,36800,4604,58700,117500,34250,10850,23800,2351.31
2023-01-11,94714,16700,15300,37550,4637,59600,117000,34300,10750,23300,2359.53
2023-01-12,95491,16900,15100,37300,4624,61000,117000,34000,10700,23050,2365.1
2023-01-13,95394,16750,15450,36850,4637,60900,118000,34350,10850,23300,2386.09
2023-01-16,97142,16750,15350,38300,4584,60500,117500,34650,11100,23450,2399.86
2023-01-17,96560,16850,15050,38250,4558,59200,119000,34500,11250,23250,2379.39
2023-01-18,95394,16250,14950,37600,4584,59800,118500,34900,11300,23500,2368.32
2023-01-19,97628,16450,15250,37900,4630,59900,119000,36050,11400,23700,2380.34
2023-01-20,98114,16500,15350,40000,4624,60600,119500,36250,11450,23850,2395.26
2023-01-25,97920,16280,15160,38700,4610,60500,118800,36000,11220,23800,2428.57
2023-01-26,98988,16480,15120,38400,4656,60700,119700,35400,11340,23800,2468.65
2023-01-27,97142,16570,15230,39450,4656,60300,120700,35500,11340,23900,2484.02
2023-01-30,96462,16300,15190,38800,4584,59600,118600,35200,11190,23800,2450.47
2023-01-31,98502,16400,15600,41050,4821,61200,118500,35050,11110,23500,2425.08
2023-02-01,97628,16200,15450,39900,4808,60800,118800,34500,10990,23150,2449.8
2023-02-02,96657,16110,15380,43350,4801,59300,115300,34700,11010,22850,2468.88
2023-02-03,96462,16100,15490,42500,4821,59800,114100,34300,11090,23000,2480.4
2023-02-06,96462,16050,15910,42650,4775,61500,113700,34300,10840,22700,2438.19
2023-02-07,95977,16110,15500,42950,4703,63000,113900,33800,10870,22700,2451.71
2023-02-08,95977,15960,15520,42150,4742,64100,114400,33750,10870,22650,2483.64
2023-02-09,95782,15970,15720,44600,4709,63800,113500,33950,10880,22700,2481.52
2023-02-10,95685,16020,15590,44500,4696,65900,113500,33500,10840,21400,2469.73
2023-02-13,95005,16450,15970,42600,4729,65900,113800,33550,11020,21400,2452.7
2023-02-14,95200,16400,16070,43550,4650,65100,113100,33350,11140,21400,2465.64
2023-02-15,95588,16840,15810,42700,4571,63700,111300,33200,10910,21100,2427.9
2023-02-16,95685,16850,15950,42450,4597,64400,115500,32250,10860,21150,2475.48
2023-02-17,95685,18150,15610,42000,4505,64300,116100,32350,10890,21100,2451.21
2023-02-20,95782,19170,15750,42850,4610,65200,115300,32850,10870,21100,2455.12
2023-02-21,95394,19460,15680,41350,4584,68500,114900,32400,10920,20950,2458.96
2023-02-22,95782,19550,15800,41050,4518,68100,113200,32200,10960,20550,2417.68
2023-02-23,95005,18770,16130,41300,4617,69500,113100,31700,10850,20650,2439.09
2023-02-24,94520,18370,16070,41050,4775,70200,112400,30450,10910,20550,2423.61
2023-02-27,94228,23850,16080,40150,4775,69800,111400,29950,10790,20300,2402.64
2023-02-28,93257,22500,15780,40000,4775,69100,110100,30450,11070,20200,2412.85
2023-03-02,92771,23000,15610,41500,4775,69100,110900,30450,11060,19710,2427.85
2023-03-03,92674,23500,15260,41000,4775,63700,110400,30450,11010,19750,2432.07
2023-03-06,92188,22500,15340,40150,4775,64100,112000,30500,11070,19600,2462.62
2023-03-07,91217,23750,15400,39900,4775,65000,110700,30800,11170,19210,2463.35
2023-03-08,91508,24700,15260,39100,4775,68900,111000,30200,11040,19080,2431.91
2023-03-09,91702,25400,15660,39150,4775,72900,110000,30650,11100,19190,2419.09
2023-03-10,91217,24050,15450,37600,4775,68500,109300,30050,10800,18810,2394.59
2023-03-13,90051,22650,15440,37500,4775,68500,108900,29750,10870,18440,2410.6
2023-03-14,89371,21550,15380,36200,4775,66200,107000,29250,10750,18040,2348.97
2023-03-15,87622,21850,15490,36250,4775,66200,107600,30100,10850,18130,2379.72
2023-03-16,85097,21050,15280,35900,4775,64600,107100,29700,10820,18140,2377.91
2023-03-17,84514,20550,15320,36450,4775,66800,109600,29650,10810,18920,2395.69
2023-03-20,85680,22100,15230,37650,4775,64300,108200,30250,10980,19170,2379.2
2023-03-21,86554,22800,15820,37950,4775,65300,108800,30400,11130,19920,2388.35
2023-03-22,85194,23000,16300,36500,4775,66000,108600,30450,10980,19420,2416.96
2023-03-23,87040,23300,16270,37700,4775,65100,108500,30050,10960,19480,2424.48
2023-03-24,85194,24050,16350,37050,4775,64900,108200,29950,10960,19350,2414.96
2023-03-27,82862,24700,16300,37500,4775,64300,107300,30200,10880,19410,2409.22
2023-03-28,83348,24000,16300,38150,4775,65400,108100,30050,10870,19460,2434.94
2023-03-29,82765,24650,16780,39350,4775,65900,108200,29200,10920,19830,2443.92
2023-03-30,82571,22450,16660,38300,4775,65300,108500,29000,10800,19670,2453.16
2023-03-31,82377,22650,17020,38500,4775,64100,108200,29450,10830,19900,2476.86
2023-04-03,82377,23550,17020,38700,4775,64500,108200,29800,10840,20000,2472.34
2023-04-04,82571,23050,17080,38850,4775,65300,108400,30700,10870,19980,2480.51
2023-04-05,83251,22500,17090,39200,4775,63800,109200,30650,11050,19930,2495.21
2023-04-06,81794,22450,17270,38900,4775,63300,107100,30750,11080,19770,2459.23
2023-04-07,81794,23200,17320,39300,4775,62700,106900,30700,10950,19730,2490.41
2023-04-10,80822,23300,16810,38400,4325,61800,106300,30700,10970,19610,2512.08
2023-04-11,81891,24450,16930,40450,4200,62500,108000,30900,11180,19520,2547.86
2023-04-12,82960,24450,16750,39800,4095,62900,109500,30650,11270,19640,2550.64
2023-04-13,85485,25000,16960,39700,4090,63400,108900,30450,11410,19700,2561.66
2023-04-14,84708,25500,16780,40500,4120,63800,110000,30750,11320,19700,2571.49
2023-04-17,84222,26250,16730,39100,4045,63500,108500,30900,11270,19480,2575.91
2023-04-18,84125,24750,16510,41800,4055,62900,107600,30600,11240,19710,2571.09
2023-04-19,84125,25050,16930,42550,4145,64400,108300,30650,11290,19580,2575.08
2023-04-20,82280,25600,16800,41700,4105,64400,107400,30500,11290,19620,2563.11
2023-04-21,81405,23650,16570,37350,4220,62900,107800,30600,11150,19310,2544.4
2023-04-24,80531,24000,16510,37000,4185,62500,107500,29900,11020,19170,2523.5
2023-04-25,81114,24200,16260,36200,4150,64000,105900,30000,11070,18930,2489.02
2023-04-26,80531,23100,16400,36300,4205,63200,106200,30100,11200,19030,2484.83
2023-04-27,79851,23700,16320,36050,4225,63100,107100,29900,11030,18780,2495.81
2023-04-28,80337,23150,16560,36600,4180,64700,109600,30000,11020,18900,2501.53
2023-05-02,80822,22750,16760,36200,4115,65700,109700,30650,11270,19220,2524.39
2023-05-03,79365,23700,16820,33200,4115,66600,109700,30450,11070,19030,2501.4
2023-05-04,80240,24700,16470,33200,4095,66700,109900,30450,11100,18830,2500.94
2023-05-08,80531,23100,16720,32700,4090,66000,110800,30750,11170,18880,2513.21
2023-05-09,81405,23550,16560,32200,4085,65300,111000,31250,11250,18680,2510.06
2023-05-10,81502,23100,16570,32200,4050,66600,110200,31350,11320,18780,2496.51
2023-05-11,82085,23100,16520,32100,4025,67100,111400,31250,11260,18720,2491.0
2023-05-12,82085,23200,16250,31750,3945,66000,111100,31800,11220,18320,2475.42
2023-05-15,81308,23000,16040,31900,3960,68100,110400,32000,11260,18350,2479.35
2023-05-16,81211,23150,15750,31700,3930,68500,109700,31200,11030,18340,2480.24
2023-05-17,80337,23600,15790,31650,3875,68400,109700,31100,11100,18350,2494.66
2023-05-18,80725,24450,15760,31500,3885,68800,110300,31250,11150,18520,2515.4
2023-05-19,81697,24350,15700,32000,3855,68300,111800,31350,11260,18590,2537.79
2023-05-22,83057,23850,15880,32150,3840,68000,111800,31300,11330,18800,2557.08
2023-05-23,84514,24500,15710,32400,3840,68400,111200,31350,11220,18980,2567.55
2023-05-24,84417,24600,15580,31550,3785,68800,111300,31300,11260,18750,2567.45
2023-05-25,83737,24600,15630,30900,3680,68200,110100,31300,11170,18530,2554.69
2023-05-26,83251,24000,15340,31100,3620,67900,109900,31300,11140,18520,2558.81
2023-05-30,83154,23800,15340,29700,3560,68000,111300,32000,11260,18340,2585.52
2023-05-31,81114,24150,15230,29100,3610,67200,110600,31550,11240,18230,2577.12
2023-06-01,87914,25250,15230,29150,3595,67900,108900,30600,11080,18120,2569.17
2023-06-02,87137,25600,15290,29100,3655,69200,109600,30600,11080,18130,2601.36
2023-06-05,86845,25400,15440,29950,3700,70800,110200,30850,11170,18190,2615.41
2023-06-07,88497,25850,15550,29950,3630,70000,111600,30700,11210,18180,2615.6
2023-06-08,90148,25200,15570,29450,3725,70700,110700,30400,11300,18220,2610.85
2023-06-09,90537,24850,15880,30250,3830,71800,110200,30200,11250,18180,2641.16
2023-06-12,89857,24400,15470,28100,3945,71000,109600,30500,11290,18030,2629.35
2023-06-13,89954,23700,15580,28200,3880,71200,108700,30900,11240,17910,2637.95
2023-06-14,88302,23550,15510,27850,3785,70400,108200,30550,11170,17840,2619.08
2023-06-15,88302,23250,15280,27700,3695,68800,107500,30750,10820,17640,2608.54
2023-06-16,89565,23200,15210,28250,3620,71000,107600,30650,10850,17650,2625.79
2023-06-19,87817,23400,15040,27800,3675,74800,107800,30550,10830,17700,2609.5
2023-06-20,87622,22750,15200,27750,3670,73500,107100,30750,10930,17750,2604.91
2023-06-21,85097,22700,15210,27400,3610,73400,106200,30750,10840,17510,2582.63
2023-06-22,85971,22200,15150,27250,3580,74100,106600,30750,10950,17360,2593.7
2023-06-23,83348,23000,15060,26850,3535,74000,104000,30500,10880,17050,2570.1
2023-06-26,83251,22800,15100,27000,3590,73200,106400,30400,11000,17070,2582.2
2023-06-27,83154,24250,15070,27100,3610,76000,105400,30350,11090,17680,2581.39
2023-06-28,83348,25000,15090,26650,3590,78000,105200,30400,11140,17600,2564.19
2023-06-29,82765,25150,14670,26400,3550,76300,104500,29800,10690,17210,2550.02
2023-06-30,82474,25750,14680,26350,3640,77300,105700,29800,10730,17380,2564.28
2023-07-03,81308,25700,14780,26350,3670,78500,105700,29750,10790,17490,2602.47
2023-07-04,80725,25350,14580,26050,3665,78800,104900,29250,10790,17320,2593.31
2023-07-05,80725,24750,14330,25550,3650,77600,103400,29150,10710,17280,2579.0
2023-07-06,77617,25550,14290,25500,3580,77800,102300,29500,10370,16890,2556.29
2023-07-07,76742,25350,14060,25150,3555,77200,100100,29300,10190,16520,2526.71
2023-07-10,75965,26150,14140,25050,3545,78200,101200,29100,10150,16840,2520.7
2023-07-11,75965,26700,14150,26000,3550,78500,101400,29050,10270,16960,2562.49
2023-07-12,77228,29350,14150,27100,3540,77000,101600,29300,10550,17310,2574.72
2023-07-13,79171,28450,14230,27350,3555,77800,103100,29700,10690,17170,2591.23
2023-07-14,80822,29350,14490,27900,3565,78900,104200,29850,10720,17140,2628.3
2023-07-17,78685,27950,14270,28200,3570,77700,104400,29550,10630,16890,2619.0
2023-07-18,78685,27900,14120,27800,3525,76700,102800,29300,10470,16530,2607.62
2023-07-19,79948,28600,14030,27750,3460,76200,103300,29400,10330,16410,2608.24
2023-07-20,82668,28700,14030,27100,3475,76000,102800,29400,10320,16350,2600.23
2023-07-21,82668,28850,14320,26950,3490,76600,103700,30000,10390,16160,2609.76
2023-07-24,79851,28500,14010,26150,3340,77200,102700,29900,10270,15890,2628.53
2023-07-25,80142,28850,13900,25750,3195,75100,102300,29500,10130,15470,2636.46
2023-07-26,76548,27350,13790,24600,3030,74400,100200,29200,9910,14930,2592.36
2023-07-27,79657,28950,14300,27750,3235,76600,103000,29900,10160,16010,2603.81
2023-07-28,81600,28000,13930,27100,3235,77000,102900,29700,10090,15780,2608.32
2023-07-31,80045,28100,13920,27400,3200,77000,103300,29500,10010,15600,2632.58
2023-08-01,80531,26600,14420,28100,3250,76500,106000,31050,10160,15910,2667.07
2023-08-02,80337,26050,14150,30350,3250,75800,104600,30650,10100,15660,2616.47
2023-08-03,81697,25900,14320,29800,3295,76400,105400,30400,9990,15490,2605.39
2023-08-04,82862,24750,14600,30350,3335,78200,104200,30750,10070,15840,2602.8
2023-08-07,84417,24550,14790,29950,3420,79200,103600,32000,10240,16160,2580.71
2023-08-08,84320,25100,14880,29500,3420,77200,103700,31950,10090,16070,2573.98
2023-08-09,89177,24700,14720,29000,3385,76800,104000,31900,10280,16070,2605.12
2023-08-10,91120,24100,15000,34800,3530,77500,104100,31900,10220,16680,2601.56
2023-08-11,90828,24100,15250,33300,3625,78800,104900,32300,10140,16410,2591.26
2023-08-14,92480,24150,15370,32700,3685,83800,104500,32400,10200,16560,2570.87
2023-08-16,92771,23150,15220,31950,3680,81300,103800,32500,10260,16000,2525.64
2023-08-17,91217,22750,15260,30050,3555,78900,103500,32350,10240,15770,2519.85
2023-08-18,90342,22950,15120,30650,3515,78900,102400,32650,10210,15170,2504.5
2023-08-21,91022,22800,15180,30450,3500,80300,102500,32700,10230,15340,2508.8
2023-08-22,91022,22700,15170,29950,3495,82800,103600,32450,10180,15360,2515.74
2023-08-23,92091,22700,15290,30350,3465,80200,103900,32600,10200,15350,2505.5
2023-08-24,92188,23050,15360,31500,3545,80900,104600,32850,10290,15410,2537.68
2023-08-25,92188,22750,15350,32250,3585,79500,104900,33000,10300,15560,2519.14
2023-08-28,90925,23500,15350,33800,3640,78100,106500,33250,10410,15730,2543.41
2023-08-29,92285,23650,15210,33050,3650,76700,106800,33300,10560,15660,2552.16
2023-08-30,93645,23350,15250,34100,3665,76000,106200,33050,10530,15680,2561.22
2023-08-31,94617,23600,15220,33650,3670,74900,104700,33000,10450,15510,2556.27
2023-09-01,94617,23000,15220,33800,3720,74400,107100,32650,10440,15580,2563.71
2023-09-04,92771,23550,15200,33650,3695,74100,107500,32600,10530,15710,2584.55
2023-09-05,92868,23450,15060,32900,3665,73500,106700,32450,10440,15650,2582.18
2023-09-06,91897,22600,14990,33200,3695,73300,106900,32050,10340,15580,2563.34
2023-09-07,91120,22800,15000,32750,3650,73300,107000,31950,10380,15420,2548.26
2023-09-08,94325,23000,15180,32850,3775,73300,107900,32350,10370,15800,2547.68
2023-09-11,93742,23450,15190,33250,3900,76100,108400,31200,10320,15870,2556.88
2023-09-12,94714,22850,15150,32550,3790,75500,108700,30800,10200,15850,2536.58
2023-09-13,95491,23050,15060,32250,3845,75200,108900,31250,10270,16000,2534.7
2023-09-14,96657,22850,15180,31700,3800,79500,109000,32000,10370,15880,2572.89
2023-09-15,96074,23850,15190,32550,3670,80300,110000,32850,10530,16250,2601.28
2023-09-18,96171,23850,15150,33100,3635,78400,108300,32350,10510,16130,2574.72
2023-09-19,96365,24700,15270,32250,3540,79200,108900,32250,10390,15870,2559.21
2023-09-20,95782,24400,15300,31550,3545,80000,108700,32900,10430,15830,2559.74
2023-09-21,93645,23600,15110,30900,3475,80600,108200,32800,10440,15530,2514.97
2023-09-22,94422,25000,15060,30400,3440,81500,107800,32650,10420,15320,2508.13
2023-09-25,96268,24050,15150,30900,3395,81400,108900,32900,10300,15430,2495.76
2023-09-26,97628,23900,15180,30600,3410,79700,107800,32850,10360,15100,2462.97
2023-09-27,97822,24600,15280,30450,3435,80500,107600,33150,10360,15100,2465.07
2023-10-04,97822,23000,15240,29700,3390,78100,106200,33150,10500,14740,2405.69
2023-10-05,98600,23300,15310,29250,3430,78200,104700,32850,10270,14700,2403.6
2023-10-06,99280,22850,15590,27650,3420,80300,104700,32900,10300,14670,2408.73
2023-10-10,104428,22850,15330,27150,3365,78400,106400,33550,10500,14720,2402.58
2023-10-11,104137,23100,15320,26900,3395,79300,106800,33500,10340,14930,2450.08
2023-10-12,106274,23000,15470,27050,3395,79500,107900,33300,10280,15190,2479.82
2023-10-13,105205,22700,15430,27050,3395,79800,107800,32550,10230,14950,2456.15
2023-10-16,102971,22050,15550,26500,3405,77900,106900,32950,10210,15000,2436.24
2023-10-17,103457,21450,15340,26850,3385,79100,107100,33350,10260,15000,2460.17
2023-10-18,103262,21450,15290,26650,3370,81300,107900,33350,10260,15150,2462.6
2023-10-19,98794,21400,15220,26000,3370,79200,107200,33100,10230,14890,2415.8
2023-10-20,91897,20500,15120,25300,3335,76600,107700,32650,10160,14740,2375.0
2023-10-23,92382,20800,15350,25900,3315,77300,105500,32750,10110,14760,2357.02
2023-10-24,92091,20950,15300,26300,3385,77700,104600,32500,10090,14760,2383.51
2023-10-25,90342,21100,15300,28150,3445,79100,105600,32350,10220,14970,2363.17
2023-10-26,88400,20400,15340,28000,3430,76700,103700,32400,10080,14560,2299.08
2023-10-27,87914,21450,15580,26950,3395,76600,103600,32400,10100,14480,2302.81
2023-10-30,91800,22400,15480,26150,3480,76700,106100,32400,10070,14670,2310.55
2023-10-31,96754,21750,15870,28600,3480,78200,106700,32650,10110,14670,2277.99
2023-11-01,97045,22200,16220,29600,3555,78900,106300,33200,10300,14750,2301.56
2023-11-02,93160,23150,15860,28800,3540,79300,107100,33250,10230,14770,2343.12
2023-11-03,93257,21300,16050,29800,3550,78100,107300,33250,10270,15000,2368.34
2023-11-06,94228,21450,15820,31300,3545,77700,109900,33500,10410,15570,2502.37
2023-11-07,96365,22150,15700,31450,3535,76300,110100,32700,10180,15390,2443.96
2023-11-08,97531,22300,15710,31800,3595,76600,111700,32600,10370,15510,2421.62
2023-11-09,97142,22650,16080,31150,3635,79000,116200,32950,10350,15550,2427.08
2023-11-10,96365,22100,15900,30500,3695,80900,114900,32900,10300,15210,2409.66
2023-11-13,95782,22650,16020,29600,3630,81900,116700,32850,10390,14900,2403.76
2023-11-14,96365,23750,15900,29600,3640,81300,115800,32950,10320,14920,2433.25
2023-11-15,93742,24750,16040,29900,3645,77200,118300,33050,10420,15420,2486.67
2023-11-16,94617,24500,15870,30150,3630,75800,117800,32950,10350,15490,2488.18
2023-11-17,91508,23950,15900,29850,3655,77300,117900,33050,10440,15360,2469.85
2023-11-20,91800,23600,15840,29700,3720,78000,116900,33200,10460,15510,2491.2
2023-11-21,90634,25550,15790,29550,3800,77700,118700,33250,10410,15570,2510.42
2023-11-22,88885,25250,15700,29450,3850,80000,118200,32950,10360,15690,2511.7
2023-11-23,89371,25800,15800,29200,3810,79300,118400,33150,10380,15700,2514.96
2023-11-24,90440,27100,15890,28600,3815,79700,116100,32900,10350,15750,2496.63
2023-11-27,89857,26500,16000,28850,3835,79800,117000,33100,10450,15770,2495.66
2023-11-28,89177,25650,15920,28300,3760,79700,119000,33500,10470,15600,2521.76
2023-11-29,87040,25150,15900,28200,3725,77700,117800,33300,10410,15540,2519.81
2023-11-30,88400,24600,15390,27700,3800,77400,119300,33550,10500,15500,2535.29
2023-12-01,89080,25400,15250,27350,3785,76700,118600,33250,10360,15480,2505.01
2023-12-04,90634,25250,15390,27350,3760,76900,120500,33600,10420,15700,2514.95
2023-12-05,91605,24850,15340,27900,3770,77200,120300,33950,10390,15810,2494.28
2023-12-06,91314,24900,15400,27800,3760,75200,120100,34450,10410,16130,2495.38
2023-12-07,97142,24550,15290,26900,3770,74500,120900,34450,10320,16080,2492.07
2023-12-08,94811,25550,15210,27150,3675,75900,124800,34500,10320,16130,2517.85
2023-12-11,96560,26300,15210,27250,3670,76300,125300,35000,10310,16160,2525.36
2023-12-12,94714,25950,15120,27100,3685,76200,129200,35000,10320,16060,2535.27
2023-12-13,97045,26600,15110,27950,3655,78500,128700,35450,10290,16120,2510.66
2023-12-14,96560,26800,15030,28650,3695,80600,134000,36300,10240,16260,2544.18
2023-12-15,93742,26400,15010,28700,3650,81300,129300,36450,10330,16310,2563.56
2023-12-18,93742,27250,15010,28650,3655,80000,129500,35450,10340,16460,2566.86
2023-12-19,93548,25300,15000,29150,3745,80300,128300,35650,10290,16500,2568.55
2023-12-20,95005,26100,15180,29200,3745,80000,128100,35950,10420,16650,2614.3
2023-12-21,96560,25950,15290,28950,3725,79700,128300,35750,10400,16610,2600.02
2023-12-22,97142,25750,15330,28600,3805,80000,127600,35400,10440,16460,2599.51
2023-12-26,97240,25800,15490,28750,3820,79900,128500,35450,10490,16620,2602.59
2023-12-27,96462,24200,14800,28450,3635,78000,126100,33500,10120,15870,2613.5
2023-12-28,98114,24850,14600,29250,3640,78000,129500,34400,10230,16000,2655.28
2024-01-02,99085,24300,14420,28750,3605,75600,129300,34150,10170,15840,2669.81
2024-01-03,102000,22900,14130,27850,3545,75400,128400,33600,10130,15560,2607.31
2024-01-04,98600,22950,14090,26600,3520,75400,127100,33550,10110,15430,2587.02
2024-01-05,99085,23700,14060,26900,3495,75100,125100,33500,10060,15340,2578.08
2024-01-08,97531,23350,14040,26300,3455,75000,124400,33650,10060,15310,2567.82
2024-01-09,96462,23450,14160,27400,3460,75600,124500,33700,10090,15580,2561.24
2024-01-10,94908,23350,14210,27150,3465,76000,123800,33700,10070,15450,2541.98
2024-01-11,94520,22400,14200,26850,3470,74800,121600,33450,10010,15340,2540.27
2024-01-12,93354,22150,14240,26650,3465,75000,122300,33550,9980,15260,2525.05
2024-01-15,91994,21650,14310,25900,3465,74800,120500,33550,10010,15110,2525.99
2024-01-16,95102,21400,13610,25950,3460,74100,119300,33150,9920,14900,2497.59
2024-01-17,95102,20800,13550,25150,3370,73800,117000,33300,9810,14630,2435.9
2024-01-18,95588,20250,13560,26300,3390,73000,115400,33800,9750,14620,2440.04
2024-01-19,97142,20400,13330,25900,3460,72100,117700,33750,9710,14820,2472.74
2024-01-22,97142,20200,13440,25900,3495,71000,116600,33700,9750,14960,2464.35
2024-01-23,98017,20250,13500,27500,3500,73500,117600,33650,9790,14990,2478.61
2024-01-24,98988,20100,13520,27000,3510,73200,117400,33700,9830,15100,2469.69
2024-01-25,99571,20600,13640,27500,3565,72600,119700,34200,9970,15110,2470.34
2024-01-26,100640,21100,13670,27350,3530,72700,120300,34800,10090,15210,2478.56
2024-01-29,104525,22000,13560,27350,3740,73600,127900,34750,10060,15110,2500.65
2024-01-30,104914,21800,14100,28000,4105,76300,129700,35100,10160,15130,2498.81
2024-01-31,103845,21950,14370,24600,4120,81100,138000,35400,10230,15010,2497.09
2024-02-01,104137,22900,15120,25800,4455,86200,148700,36900,10430,15530,2542.46
2024-02-02,107925,22750,14840,26750,4705,87100,148700,38550,10440,15940,2615.31
2024-02-05,108508,22900,14910,26950,4910,93000,149400,38000,10410,15720,2591.31
2024-02-06,108605,22900,15110,29050,5000,91900,147500,37850,10310,16560,2576.2
2024-02-07,111228,24050,15100,29450,5280,92800,153800,38150,10360,16800,2609.58
2024-02-08,107828,24900,15350,29600,4965,92200,156500,37650,10250,17440,2620.32
2024-02-13,109771,24900,15200,29300,4870,90800,156200,38350,10210,17080,2649.64
2024-02-14,106468,24950,14990,29050,4800,88300,152400,37850,10080,16790,2620.42
2024-02-15,103262,24800,14760,29750,4700,89000,156300,38450,10050,16680,2613.8
2024-02-16,104331,25050,15050,29650,4630,88600,163800,39450,10150,17010,2648.76
2024-02-19,107925,24900,15280,30050,4905,92300,170400,42200,10380,18020,2680.26
2024-02-20,105497,25100,15060,29250,4775,91300,162300,41450,10240,17890,2657.79
2024-02-21,106760,24600,14870,29000,4565,93200,161300,39500,10370,17770,2653.31
2024-02-22,106468,24450,14890,28800,4520,97700,164100,39900,10290,17670,2664.27
2024-02-23,107051,26300,15090,28550,4420,103000,160000,39400,10380,17420,2667.7
2024-02-26,106080,26200,14710,28100,4285,94600,152300,38700,10210,17100,2647.08
2024-02-27,106080,26000,14560,27450,4255,93600,147400,38100,10150,17100,2625.05
2024-02-28,106760,26050,14350,27500,4315,93700,155700,38400,10250,17360,2652.29
2024-02-29,105788,25800,14300,26650,4235,91200,156700,39100,10320,17380,2642.36
2024-03-04,105108,24150,14510,26400,4285,97500,163000,38600,10160,17510,2674.27
2024-03-05,108022,23850,14770,25900,4190,94900,165000,38900,10110,17180,2649.4
2024-03-06,112102,24200,14870,26300,4185,94100,163700,39000,10140,17060,2641.49
2024-03-07,114628,22950,14760,26100,4100,94500,164500,39050,10200,17150,2647.62
2024-03-08,115211,23500,14540,25800,4120,94700,168200,38750,10200,17300,2680.35
2024-03-11,115114,22950,14440,26700,4080,92100,168100,38250,10160,16950,2659.84
2024-03-12,114142,23850,14290,26550,4060,92600,163000,37950,10090,16850,2681.81
2024-03-13,113754,23650,14300,26200,4005,92100,165700,38000,10040,16610,2693.57
2024-03-14,112588,23300,14340,26250,4100,92100,170800,38550,10090,16590,2718.76
2024-03-15,110937,22900,14440,25950,4105,90700,154100,38250,10060,16600,2666.84
2024-03-18,113462,23050,14250,26300,4205,90600,152200,38000,9990,16980,2685.84
2024-03-19,111228,23400,14110,25650,4295,91500,150000,37350,9920,16650,2656.17
2024-03-20,111422,24000,14110,26350,4345,92600,156200,37300,9930,16710,2690.14
2024-03-21,109480,23900,14450,26700,4410,93700,165000,38350,10010,16770,2754.86
2024-03-22,110937,23250,14360,27050,4550,91100,160000,38750,10020,16830,2748.56
2024-03-25,111034,23100,14230,27450,4440,89000,158500,37850,9980,16810,2737.57
2024-03-26,112102,23350,14230,27400,4305,89400,160100,38800,10060,16830,2757.09
2024-03-27,114240,22900,14210,27350,4310,88200,157700,38650,10050,16870,2755.11
2024-03-28,114240,22650,14140,27100,4335,86400,160100,37950,10050,16420,2745.82
2024-03-29,114628,22800,14000,26600,4260,86900,158500,37700,9970,16290,2746.63
2024-04-01,115600,23200,14280,29250,4380,85800,157600,37700,9980,16520,2747.86
2024-04-02,113657,22550,14280,29900,4315,85400,155000,37000,9930,16050,2753.16
2024-04-03,113268,22200,14400,30250,4725,85000,150300,36050,9850,15400,2706.97
2024-04-04,110257,22150,14290,29050,4730,82800,151700,36350,9830,15400,2742.0
2024-04-05,110742,21800,14370,28450,4545,83100,150800,36150,9800,15540,2714.21
2024-04-08,110451,21400,14410,28300,4515,84000,151200,36850,9750,15390,2717.65
2024-04-09,114822,22300,14290,27150,4575,84000,149300,36400,9730,15330,2705.16
2024-04-11,115600,21900,14100,26750,4450,84800,147000,35400,9630,15120,2706.96
2024-04-12,112200,21800,14000,28200,4445,83000,140100,34600,9590,15010,2681.82
2024-04-15,109577,21500,14040,28150,4380,83600,144500,34450,9540,14900,2670.43
2024-04-16,109577,20950,13890,28300,4305,84000,144500,34250,9510,14730,2609.63
2024-04-17,109965,20350,13820,29500,4365,83600,138800,33600,9550,14710,2584.18
2024-04-18,112588,20450,13810,30450,4535,83200,140300,33650,9680,14870,2634.7
2024-04-19,110937,20550,13760,29750,4410,82200,138200,33300,9690,14710,2591.86
2024-04-22,110451,20850,14190,30400,4685,88500,147400,34300,9720,15000,2629.44
2024-04-23,110742,21150,14120,29750,4610,85600,150400,34550,9750,14870,2623.02
2024-04-24,111131,21100,14170,30600,4615,84200,150400,34650,9780,14940,2675.75
2024-04-25,110742,21650,14150,30000,4670,83300,150100,34100,9750,14910,2628.62
2024-04-26,109091,21300,14400,31450,4710,83800,151100,34500,9780,15100,2656.33
2024-04-29,108411,22200,14890,32350,4705,84900,150000,34600,9900,15190,2687.44
2024-04-30,107342,22200,14750,33650,4855,85200,150100,34600,9850,15350,2692.06
2024-05-02,106177,21350,14780,33600,4860,85800,146100,34600,9780,15300,2683.65
2024-05-03,106274,22450,14620,33200,4635,86100,146000,34500,9880,15270,2676.63
2024-05-07,104525,22250,14820,32450,4700,87700,150300,35600,9900,15280,2734.36
2024-05-08,104234,22450,14700,32350,4725,86700,152200,35400,10080,15490,2745.05
2024-05-09,104428,21950,14780,33250,4820,87300,148400,35650,10000,15450,2712.14
2024-05-10,102485,22050,14870,35050,4845,88800,150000,35800,9980,15570,2727.63
2024-05-13,102777,22050,14870,34800,4830,88700,149300,35800,9950,15630,2727.21
2024-05-14,103845,23850,14670,35500,4815,89800,150000,36550,10010,15580,2730.34
2024-05-16,104817,24550,14770,35700,4740,89400,153100,37700,9930,15120,2753.0
2024-05-17,105302,23800,15050,34950,4670,86200,151800,37250,9910,15250,2724.62
2024-05-20,104040,23850,15280,35650,4695,85000,151500,37100,9910,15250,2742.14
2024-05-21,103748,23300,15170,35700,4595,82600,148400,36800,9820,15400,2724.18
2024-05-22,102680,23500,15200,36050,4605,82000,147000,37050,9840,15240,2723.46
2024-05-23,102097,23650,14960,35400,4525,81400,142100,36250,9810,15130,2721.81
2024-05-24,101902,23250,14900,34800,4540,81300,139400,36350,9770,14960,2687.6
2024-05-27,97434,23500,14800,35250,4530,82000,141100,36600,9770,15070,2722.99
2024-05-28,98502,22800,14850,33900,4485,82200,138500,36150,9780,14960,2722.85
2024-05-29,98697,22900,14790,35800,4520,82600,134800,36000,9780,14810,2677.3
2024-05-30,99862,22200,14600,38450,4500,81300,136300,36150,9700,14860,2635.44
2024-05-31,98017,22800,14900,38250,4570,87200,135100,36600,9650,14910,2636.52
2024-06-03,98211,22850,14830,35750,4610,85400,138700,37250,9750,14910,2682.52
2024-06-04,99085,22600,14890,33600,4480,84800,135400,36450,9710,14860,2662.1
2024-06-05,98697,22700,14810,33700,4380,84500,135100,36750,9700,14850,2689.5
2024-06-07,98891,22250,14610,34400,4325,83700,137600,37150,9760,14850,2722.67
2024-06-10,98600,21600,15090,33600,4365,81000,133600,36800,9720,14740,2701.17
2024-06-11,101125,21100,15010,34450,4315,81200,134400,36800,9720,14750,2705.32
2024-06-12,101708,21150,15180,36250,4375,81300,135500,36800,9740,14630,2728.17
2024-06-13,102680,21050,15330,35950,4230,81700,134400,36350,9710,14630,2754.89
2024-06-14,105788,20750,15680,35350,4395,81000,133000,36400,9740,14700,2758.42
2024-06-17,105885,20850,15900,35250,4370,82100,130700,36200,9730,14560,2744.1
2024-06-18,104331,21750,15590,34450,4475,81100,131400,36300,9930,14500,2763.92
2024-06-19,103942,21150,15070,34300,4455,81200,135400,36400,9770,14420,2797.33
2024-06-20,104720,20850,15250,33850,4470,82000,135100,36500,9810,14390,2807.63
2024-06-21,103651,20900,15020,34150,4510,83100,135300,37000,9830,14360,2784.26
2024-06-24,104525,20700,15110,34450,4445,81600,135900,36850,9850,14140,2764.73
2024-06-25,102582,20900,15290,34750,4460,83300,135800,37250,9860,14160,2774.39
2024-06-26,104525,20400,15180,34800,4445,82000,136100,37200,9780,14000,2792.05
2024-06-27,101708,20300,15100,33600,4390,82000,138700,36450,9680,13760,2784.06
2024-06-28,102291,20750,15210,32350,4510,82600,142000,37400,9820,13880,2797.82
2024-07-01,103845,20750,15130,32300,4375,81500,140800,36900,9780,14030,2804.31
2024-07-02,103942,20300,15040,31350,4330,80700,141200,36250,9700,13890,2780.86
2024-07-03,102777,20250,14900,30200,4335,80800,142300,36500,9710,13820,2794.01
2024-07-04,102680,20200,14910,30000,4300,85700,145800,36550,9780,13850,2824.94
2024-07-05,106760,20100,14830,30150,4355,89800,154300,36350,9810,13940,2862.23
2024-07-08,103748,19820,14780,30700,4345,85400,148000,36000,9810,13940,2857.76
2024-07-09,103845,19600,14940,30650,4315,85500,147700,36150,9840,13970,2867.38
2024-07-10,104040,19710,14940,30450,4305,83000,147000,36000,9800,13920,2867.99
2024-07-11,104040,20250,15270,30550,4305,83600,151100,36700,9900,14130,2891.35
2024-07-12,104137,20500,15350,30250,4290,84600,148100,36500,9860,14250,2857.0
2024-07-15,104622,20750,15190,29700,4350,82800,147900,36300,9850,14200,2860.92
2024-07-16,103360,20300,15120,29850,4465,81900,152200,36500,9850,14190,2866.09
2024-07-17,105205,20350,15150,30900,4460,81900,152100,36500,9830,14190,2843.29
2024-07-18,106565,21000,15300,31850,4420,83100,149300,37900,9980,14200,2824.35
2024-07-19,105497,20400,15180,30600,4335,81800,147500,37100,9990,14000,2795.46
2024-07-22,105885,20050,15050,31750,4280,81600,149400,37500,10000,14360,2763.51
2024-07-23,106662,19980,15030,32250,4250,81200,147800,37900,9960,14180,2774.29
2024-07-24,106468,19660,15090,31550,4180,82100,147900,37700,9930,14250,2758.71
2024-07-25,107148,19240,15000,31200,4125,80800,146500,37950,10000,14330,2710.65
2024-07-26,108314,19160,15090,31200,4305,81400,147800,38650,10000,14500,2731.9
2024-07-29,109771,19160,14990,31950,4490,81400,152000,39100,9980,14380,2765.53
2024-07-30,111228,18830,14920,31400,4375,80800,150300,38950,10080,14380,2738.19
2024-07-31,108314,18940,14930,31100,4375,81100,155300,39850,10030,14440,2770.69
2024-08-01,109188,19900,15010,31400,4420,81800,151300,38750,10030,14530,2777.68
2024-08-02,106857,19480,14880,31100,4280,80300,146900,38850,10070,14480,2676.19
2024-08-05,103748,17380,14490,28300,3960,78300,135300,37050,9640,13650,2441.55
2024-08-06,103554,18060,14710,29800,4060,78500,136500,36550,9760,14030,2522.15
2024-08-07,107731,17940,15000,24300,4145,77700,137800,37800,9810,14040,2568.41
2024-08-08,108120,18060,15380,24600,4205,79000,138100,39250,9680,14500,2556.73
2024-08-09,109577,18070,15180,24650,4305,78800,141100,38100,9610,14390,2588.43
2024-08-12,113948,18390,15090,24750,4300,78700,142600,38000,9630,14500,2618.3
2024-08-13,114725,18290,15590,24700,4245,78600,141000,38700,9580,14450,2621.5
2024-08-14,114822,18600,15740,25000,4300,79000,139500,38300,9660,14500,2644.5
2024-08-16,118222,18760,15320,25050,4335,82700,144400,37900,9650,14600,2697.23
2024-08-19,118514,19310,15460,25050,4355,82600,144200,38250,9690,14670,2674.36
2024-08-20,120165,19380,15460,25050,4525,81500,145100,38700,9690,14850,2696.63
2024-08-21,121720,19590,15620,24850,4425,82800,146100,39150,9800,14990,2701.13
2024-08-22,121914,19480,15470,24600,4455,83000,146700,39300,9790,14940,2707.67
2024-08-23,122400,19590,15530,24650,4685,83900,149700,39600,9860,15230,2701.69
2024-08-26,122400,20100,15640,24400,4815,83200,152300,39900,9880,15200,2698.01
2024-08-27,122594,20100,15740,24650,4850,83900,151200,40100,9870,15370,2689.25
2024-08-28,123565,19770,15850,25000,4710,84000,150500,39300,9830,15270,2689.83
2024-08-29,124537,19710,15520,24700,4655,83600,149300,39000,9830,15500,2662.28
2024-08-30,122108,19990,15630,24900,4615,83600,147700,38600,9750,15990,2674.31
2024-09-02,121428,19790,15300,24950,4575,82200,146000,39100,9840,16080,2681.0
2024-09-03,120942,20000,15320,25550,4750,83700,154800,40200,9960,16490,2664.63
2024-09-04,118417,19500,15200,24900,4645,82700,150800,39800,9760,16440,2580.8
2024-09-05,119485,19500,15400,25100,5050,83400,149900,41200,9890,17730,2575.5
2024-09-06,113851,18910,15420,24600,4920,83100,146700,41200,9890,17080,2544.28
2024-09-09,116571,19050,15320,25950,5000,82200,145300,41400,9890,17580,2535.93
2024-09-10,117348,18840,15570,25300,4990,84100,148500,41100,9890,17480,2523.43
2024-09-11,115794,18980,15220,26150,4845,82600,147400,41250,9910,17650,2513.37
2024-09-12,115017,19130,15390,26450,4785,84400,149100,41450,9880,17800,2572.09
2024-09-13,115114,19540,15500,26300,4980,90000,149200,42050,10000,17780,2575.41
2024-09-19,120651,19630,15490,27000,4945,89900,150500,41700,9940,17880,2580.8
2024-09-20,122011,20100,15610,26500,5070,89100,150200,41800,9870,17730,2593.37
2024-09-23,121622,19950,15950,26800,5050,89700,145400,41350,9930,17240,2602.01
2024-09-24,119680,20450,15820,26400,5120,91000,146600,41400,9900,17320,2631.68
2024-09-25,118028,20000,15720,27500,4700,88300,138500,40500,9810,17100,2596.32
2024-09-26,119000,20600,15990,27650,4660,91200,142300,41500,9920,17000,2671.57
2024-09-27,117348,20900,16240,28150,4620,88300,140200,40300,9870,17100,2649.78
2024-09-30,113948,20550,15900,27850,4590,91900,137800,40200,9810,16970,2593.27
2024-10-02,110451,20350,15520,26500,4465,90600,135000,39750,9700,16870,2561.69
2024-10-04,112685,20100,15520,25750,4475,88300,136100,40800,9700,16730,2569.71
2024-10-07,110160,20900,15720,25750,4455,87600,135300,41050,9810,16760,2610.38
2024-10-08,111034,20950,15740,24750,4415,86600,134600,40150,9680,16630,2594.36
2024-10-10,109091,20100,15920,24350,4415,86400,132300,40300,9730,16480,2599.16
2024-10-11,113560,19850,15890,24600,4430,88600,134300,40200,9740,16640,2596.91
2024-10-14,112394,20050,15760,24000,4440,88600,134000,40900,9740,16630,2623.29
2024-10-15,119680,19920,15810,23650,4570,89300,135700,41000,9750,16900,2633.45
2024-10-16,118514,20900,15970,23500,4535,89000,134500,42700,9900,16730,2610.36
2024-10-17,119874,20450,15960,23300,4560,89600,137600,42800,9830,16810,2609.3
2024-10-18,120748,20000,16180,23550,4455,91300,136700,42900,9920,16850,2593.82
2024-10-21,119000,19920,16320,23600,4415,90500,136500,42950,9840,16720,2604.92
2024-10-22,118514,19690,16380,23100,4370,91500,136100,44000,9950,16500,2570.7
2024-10-23,119291,19690,16260,23200,4420,90300,133300,42700,9900,16230,2599.62
2024-10-24,118708,19770,16540,23200,4380,90300,133600,43800,9920,16300,2581.03
2024-10-25,117251,19580,16440,22300,4380,91400,132200,44200,9960,16240,2583.27
2024-10-28,115988,19970,16480,22850,4495,92000,134000,43750,9940,16800,2612.43
2024-10-29,117154,19760,16600,23100,4545,87600,136200,43750,9930,17140,2617.8
2024-10-30,117154,19660,16680,23050,4505,87000,129900,44350,9980,17700,2593.79
2024-10-31,120845,19840,16810,22350,4485,88200,117000,44350,10010,17860,2556.15
2024-11-01,116765,19460,16860,23150,4420,87000,119400,44300,10040,17640,2542.36
2024-11-04,121622,19260,16510,24100,4530,86600,121300,44100,10060,17640,2588.97
2024-11-05,122400,19340,16400,24000,4930,84900,122400,43050,10110,17770,2576.88
2024-11-06,121234,19460,16540,23850,4870,86400,121400,43900,10200,17570,2563.51
2024-11-07,119097,23600,16500,23900,4980,87300,122400,42850,10160,17350,2564.63
2024-11-08,119194,23950,16110,23750,4920,87000,123100,41100,9950,17280,2561.15
2024-11-11,117542,24500,16010,22600,4830,85500,121300,44400,10110,17170,2531.66
2024-11-12,114531,23650,15950,22000,4650,84700,120000,43500,10000,17200,2482.57
2024-11-13,111714,22300,15750,22100,4545,83700,117000,42600,9960,16720,2417.08
2024-11-14,111908,23800,16190,22250,4675,83800,115800,41150,10000,16870,2418.86
2024-11-15,112588,23000,16020,22200,4665,83000,117300,41500,10030,17110,2416.86
2024-11-18,110257,24000,16140,22450,4650,84300,124000,41800,10050,17050,2469.07
2024-11-19,108217,23850,15990,22250,4725,81900,121400,41750,10200,17090,2471.95
2024-11-20,108022,22600,16350,22050,4700,83200,121800,43300,10570,17280,2482.29
2024-11-21,105885,22000,16410,21950,4795,82500,121600,44000,10880,17350,2480.63
2024-11-22,104817,21150,16390,22150,4790,81800,123000,44500,11090,17370,2501.24
2024-11-25,101320,21100,16190,22450,4770,81800,123700,44800,11240,17270,2534.34
2024-11-26,101125,21400,16360,22650,4885,83700,124400,45500,11570,17580,2520.36
2024-11-27,101514,22000,16310,22550,4905,84500,124700,47600,11900,18060,2503.06
2024-11-28,106177,21900,16320,22700,5170,85300,124600,48850,11800,18030,2504.67
2024-11-29,105788,23000,16130,22100,5150,86000,119000,48800,11590,18000,2455.91
2024-12-02,100834,22500,16070,22150,5180,83200,121500,49000,11520,17940,2454.48
2024-12-03,101708,22550,16170,22850,5270,84800,124200,48650,11520,18400,2500.1
2024-12-04,99668,20950,15770,22250,5110,83900,122700,47850,11420,17250,2464.0
2024-12-05,97531,20050,15630,21700,5190,84500,121500,47700,11150,17070,2441.85
2024-12-06,96462,20000,15510,21350,5000,84300,120700,45300,11190,17080,2428.16
2024-12-09,92382,18960,15250,20650,4770,82500,116100,44300,10760,16460,2360.58
2024-12-10,94228,20100,15520,21850,4695,83300,116200,43850,10780,16800,2417.84
2024-12-11,95782,20250,15830,22150,4845,83100,116500,44600,10910,16890,2442.51
2024-12-12,97628,20150,16110,22200,5020,83500,118700,44250,10890,17150,2482.12
2024-12-13,97434,20300,16120,22500,5160,86200,118800,44850,10950,17120,2494.46
2024-12-16,96851,20050,15680,22600,5050,83300,117400,46450,11250,17010,2488.97
2024-12-17,99085,21000,15620,22250,5120,84900,116400,45750,10960,16810,2456.81
2024-12-18,101902,20750,15870,22350,5110,83500,118900,45800,10970,17040,2484.43
2024-12-19,107148,20500,15700,21900,5020,84200,115700,44950,10930,16790,2435.93
2024-12-20,109965,19990,15610,21950,4950,85400,116900,44700,10890,16540,2404.15
2024-12-23,107051,20450,15680,22250,5080,85100,118700,45700,10960,16630,2442.01
2024-12-24,104525,20300,15680,22050,5100,83600,117600,46100,10990,16730,2440.52
2024-12-26,103651,20250,15600,21600,5060,83600,117600,45500,10750,16660,2429.67
2024-12-27,102874,19850,15170,21000,4990,84900,115800,45000,10670,16160,2404.77
2024-12-30,106662,19760,15060,20800,4885,83200,114800,43850,10330,15970,2399.49
2025-01-02,103262,19440,15090,20750,4880,81100,113300,43950,10380,16230,2398.94
2025-01-03,101708,19230,15040,21250,4960,80800,115600,44500,10450,16060,2441.92
2025-01-06,102680,19160,15030,22850,4830,81000,119000,44200,10340,16180,2488.64
2025-01-07,103942,19250,15010,22600,4855,81100,118300,43850,10450,16520,2492.1
2025-01-08,103942,19040,14920,22850,4845,81100,120900,43800,10540,16470,2521.05
2025-01-09,101320,18990,14910,22600,4775,82400,120600,45000,10490,16520,2521.9
2025-01-10,97531,19000,14950,22650,4770,82000,121400,44200,10450,16750,2515.78
2025-01-13,97725,18890,14950,22800,4745,80900,119800,44400,10460,16670,2489.56
2025-01-14,97142,18840,14850,22600,4800,80100,119400,43900,10380,16710,2497.4
2025-01-15,93840,18630,14740,22700,4730,80100,118200,44400,10330,16720,2496.81
2025-01-16,93840,18640,14730,24000,4755,80400,120300,44850,10310,16660,2527.49
2025-01-17,92091,18710,14910,24000,4770,79900,118800,45950,10310,16820,2523.55
2025-01-20,92091,19230,15050,24000,4860,80000,120700,46050,10340,16660,2520.05
2025-01-21,92771,19380,15020,24000,5000,81700,119400,46000,9990,16850,2518.03
2025-01-22,92771,20150,15070,24200,4960,80800,122600,45550,9910,16760,2547.06
2025-01-23,93742,19940,14870,23750,4885,80300,115600,45650,9870,16570,2515.49
2025-01-24,92771,19740,14890,23750,4895,80800,115000,47000,9940,16580,2536.8
2025-01-31,93160,19280,15180,24150,4885,81900,119900,48000,10040,16780,2517.37
2025-02-03,93257,18670,14920,23050,4765,80100,118700,46900,10020,16300,2453.95
2025-02-04,91800,19350,15200,23150,4815,80200,118600,46700,9950,16300,2481.69
2025-02-05,93062,19270,14980,22950,5010,81500,118500,46450,10190,16370,2509.27
2025-02-06,96365,19320,15130,23400,5130,83300,119600,46050,10360,16140,2536.75
2025-02-07,96754,18870,15070,22000,5000,81900,120000,45350,10500,15970,2521.92
2025-02-10,97434,18180,15120,21700,4955,84000,118600,45850,10510,15910,2521.27
2025-02-11,96657,17980,15280,21550,5050,83100,118800,46000,10590,15970,2539.05
2025-02-12,96754,18350,15280,21650,5020,83500,121000,45150,10510,16020,2548.39
2025-02-13,94422,18220,15500,21550,4980,84000,121600,45200,10550,15920,2583.17
2025-02-14,96365,18310,15600,21900,4990,84200,127600,46950,10690,16130,2591.05
2025-02-17,96754,18970,15680,21900,5090,86100,130400,46800,10740,16200,2610.42
2025-02-18,95102,19260,15690,21500,5100,86700,132900,46550,10650,16130,2626.81
2025-02-19,93548,19350,15750,21900,5140,85800,134400,46800,10620,16220,2671.52
2025-02-20,94617,19660,15760,22400,5220,88900,132700,47650,10850,16330,2654.06
2025-02-21,95005,19840,15790,22100,5480,88000,128900,47200,10640,16460,2654.58
2025-02-24,97822,19850,15780,22100,5770,89400,130100,48000,10730,16380,2645.27
2025-02-25,95394,19640,15770,22150,5750,92000,129100,47800,10640,16330,2630.29
2025-02-26,97337,19820,15830,22000,5630,91100,125200,48050,10750,16400,2641.09
2025-02-27,97337,19840,15250,22150,5580,91900,126000,47650,10660,16410,2621.75
2025-02-28,94520,19700,14910,21200,5450,90900,121500,47000,10580,16060,2532.78
2025-03-04,97725,19400,14990,21100,5470,88700,122200,47700,10500,15940,2528.92
2025-03-05,96365,20700,15150,21450,5580,89600,121500,47400,10570,16000,2558.13
2025-03-06,96948,21000,15340,22100,5490,91000,122300,48500,10670,16150,2576.16
2025-03-07,95297,21050,15240,22350,5440,89200,122200,48050,10560,16150,2563.48
2025-03-10,97240,21100,15280,21900,5420,91000,122200,48250,10530,16970,2570.39
2025-03-11,98308,20500,15160,21500,5360,90000,119200,47550,10450,16790,2537.6
2025-03-12,98600,20800,15150,21800,5190,91100,119600,48850,10690,16920,2574.82
2025-03-13,98700,20550,15080,21200,5140,93600,118900,48400,10730,16640,2573.64
2025-03-14,99800,20050,15120,21450,5270,93600,119600,49100,10710,16780,2566.36
2025-03-17,98600,20350,15300,21600,5310,99900,123500,49800,10900,16900,2610.69
2025-03-18,99400,19920,15290,21450,5310,95200,122300,49500,10810,16930,2612.34
2025-03-19,98000,19800,15780,21450,5300,97900,123200,50700,10860,16990,2628.62
2025-03-20,97000,19750,16140,21400,5290,96700,124100,50700,10820,16990,2637.1
2025-03-21,98400,19560,15790,21400,5330,96700,124900,49750,10750,16940,2643.13
2025-03-24,98700,19820,15870,21450,5300,93800,124000,49600,10710,16800,2632.07
2025-03-25,101700,19580,16200,21250,5120,94000,124100,50000,10800,16830,2615.81
2025-03-26,101000,20050,16150,21100,5080,93900,124300,49800,10760,16890,2643.94
2025-03-27,99500,18500,16000,20600,5070,93200,124000,49850,10720,16750,2607.15
2025-03-28,99100,18030,16120,20500,5100,93300,119900,49850,10370,16750,2557.98
2025-03-31,99400,17480,16030,20000,5130,89500,116900,49600,10300,16660,2481.12
2025-04-01,99000,17160,16350,20450,5190,90900,119200,48700,10300,16690,2521.39
2025-04-02,99500,17090,16520,20850,5050,90100,119300,48250,10250,16500,2505.86
2025-04-03,100200,17090,16440,20500,5030,89400,118100,48700,10310,15520,2486.7
2025-04-04,100800,16900,16340,20950,5170,88000,117400,49300,10550,15620,2465.42
2025-04-07,98900,15670,16050,19810,4905,86900,112200,48350,10400,15020,2328.2
2025-04-08,98700,15140,16170,19610,4935,85400,111400,47450,10310,14920,2334.23
2025-04-09,98000,15200,16040,18930,4890,84700,108300,46350,10440,14940,2293.7
2025-04-10,98200,15640,16200,20100,5180,90000,113800,48200,10500,15180,2445.06
2025-04-11,97900,15710,16020,20350,5150,90200,114500,47350,10730,15260,2432.72
2025-04-14,97700,15670,16290,20350,5150,90000,113700,47300,10780,15280,2455.89
2025-04-15,98400,16080,16290,20600,5170,90100,115400,47650,10770,15560,2477.41
2025-04-16,98100,15790,16740,21000,5160,90500,114000,48450,11200,15500,2447.43
2025-04-17,98600,16230,16580,21400,5200,90400,113800,49050,11110,15450,2470.41
2025-04-18,98100,16410,16590,21400,5190,91200,114400,49200,11310,15660,2483.42
2025-04-21,97500,17070,16960,21450,5220,93100,114500,49600,11530,15740,2488.42
2025-04-22,97500,17170,17170,21100,5280,93000,115800,49250,11690,15820,2486.64
2025-04-23,98200,17510,17080,21200,5290,93800,117600,49700,11700,15950,2525.56
2025-04-24,98200,17460,17200,21700,5280,92600,118100,49150,11540,15910,2522.33
2025-04-25,98500,17640,17200,21850,5410,94400,117000,50200,11480,15990,2546.3
2025-04-28,98500,17550,17360,21800,5390,92500,117600,51100,11910,16100,2548.86
2025-04-29,101800,17710,17780,22650,5510,95400,118900,51600,11960,16120,2565.42
2025-04-30,103000,17860,18290,22950,5450,95400,122400,51800,12020,16200,2556.61
2025-05-02,100100,17650,18540,22950,5530,95500,122200,53500,12190,16080,2559.79
2025-05-07,99800,17690,18820,22650,5590,97200,122800,52000,12370,16530,2573.8
2025-05-08,100300,18200,19460,23200,5620,97400,121800,50800,12490,16550,2579.48
2025-05-09,99500,18000,19530,23550,5580,98600,123000,51500,12870,16510,2577.27
2025-05-12,100300,18370,19680,22900,5970,100800,125300,50800,12990,16610,2607.33
2025-05-13,100700,18070,19500,22950,6030,105300,124300,51000,12780,16790,2608.42
2025-05-14,99600,18410,19650,23100,6110,107700,125200,51300,13080,16970,2640.57
2025-05-15,101100,18470,18850,22750,6200,105200,123200,51000,13000,17270,2621.36
2025-05-16,99300,18630,18890,22700,6550,106700,123900,51400,12930,17040,2626.87
2025-05-19,100500,18470,18770,22350,6700,106200,122400,52000,12820,16810,2603.42
2025-05-20,99900,19340,18880,22850,6850,112000,124400,51900,12880,16940,2601.8
2025-05-21,101700,19110,18750,24100,7220,108100,139000,51300,13000,17150,2625.58
2025-05-22,103200,18890,18210,23950,7290,109700,138500,50700,12980,17280,2593.67
2025-05-23,102900,19330,18150,24900,7170,114700,142000,50000,12640,17130,2592.09
2025-05-26,102800,19520,18510,25050,7480,115700,152100,51700,12900,17230,2644.4
2025-05-27,103500,20350,18260,25450,7270,114500,150500,51300,12860,17130,2637.22
2025-05-28,108000,21200,18560,25650,7280,115700,151200,50800,12810,17120,2670.15
2025-05-29,110900,22250,19180,25900,7380,122700,154500,51000,12870,17170,2720.64
2025-05-30,111900,23400,18900,26200,7460,120800,149800,50800,12800,17040,2697.67
2025-06-02,111900,22700,18680,26900,7390,119500,151300,49400,12880,17120,2698.97
2025-06-04,115000,23150,22250,27250,8100,125200,157800,49850,13160,17220,2770.84
2025-06-05,113900,23200,21500,28000,7810,125200,168900,50300,12850,17220,2812.05
2025-06-09,118700,22900,23350,28600,8020,126100,167100,50600,12990,17390,2855.77
2025-06-10,119600,23400,22650,28700,7810,127700,166300,50900,12980,17380,2871.85
2025-06-11,120400,23300,22500,28550,7940,128400,173200,51600,13120,17220,2907.04
2025-06-12,118000,23300,21750,28200,7820,133500,168100,51800,13270,17440,2920.03
2025-06-13,119600,22850,21250,27900,7690,131700,165900,51600,13120,17380,2894.62
2025-06-16,118700,23250,22000,27900,8290,136700,172200,53100,13170,17490,2946.66
2025-06-17,117900,23350,21600,28350,8540,132800,172400,53000,13030,17390,2950.3
2025-06-18,123000,24700,21300,28200,8520,130800,164800,52400,13230,17890,2972.19
2025-06-19,120500,26550,21850,29700,8570,131600,165300,51900,13280,18060,2977.74
2025-06-20,119100,25700,21900,31900,8710,132000,161900,51800,13220,18040,3021.84
2025-06-23,115100,25000,21550,31300,8610,130100,161600,51000,13440,17950,3014.47
2025-06-24,115700,26900,22050,32000,8670,131200,162500,52100,13750,18260,3103.64
2025-06-25,112300,30100,21500,31300,8690,133000,165100,52400,13790,18910,3108.25
2025-06-26,110500,30850,21550,30750,8410,130900,160600,52400,14300,18460,3079.56
2025-06-27,111500,31650,21600,30600,8570,134800,158800,54400,14340,18280,3055.94
2025-06-30,112000,32900,22000,31750,8960,139100,161400,55700,14300,18300,3071.7
2025-07-01,117000,30750,23050,32500,9150,141400,165400,57300,14380,18440,3089.65
2025-07-02,117000,31100,23000,32000,9030,140100,162200,56800,14450,18920,3075.06
2025-07-03,120900,31750,22900,32300,8770,140100,162700,56500,14600,19030,3116.27
2025-07-04,116300,30900,21850,31050,8430,131900,162500,57700,14530,19790,3054.28
2025-07-07,117500,33450,23100,32050,8510,131600,162700,57100,14170,19640,3059.47
2025-07-08,117600,32200,23550,31700,9000,135300,166600,56200,14590,19980,3114.95
2025-07-09,121900,32300,24500,32150,9420,139100,170700,55600,14790,20300,3133.74
2025-07-10,121600,31350,25600,32800,9540,139700,177900,56200,14830,20300,3183.23
2025-07-11,121500,31000,24550,32900,9500,138000,172300,58100,14990,20450,3175.77
2025-07-14,123000,32250,25450,33900,10440,143000,183700,57800,15050,20550,3202.03
2025-07-15,120300,33350,25450,33550,10360,139100,181500,58400,14990,20550,3215.28
2025-07-16,120100,33050,24650,33100,9970,137200,181400,58000,14800,20100,3186.38
2025-07-17,121900,32900,24400,33300,9820,137700,184400,57800,15000,20100,3192.29
2025-07-18,121500,33650,24150,32650,9450,135900,174400,57200,14990,19690,3188.07
2025-07-21,119000,34200,23900,31850,9330,135400,174200,56600,14920,20100,3210.81
2025-07-22,124000,34350,23800,32100,9310,135200,170200,57300,15120,20100,3169.94
2025-07-23,121600,34250,23350,32100,9010,134200,170000,56400,14920,19940,3183.77
2025-07-24,122200,33950,22850,31750,8810,134300,168900,56400,14590,19560,3190.45
2025-07-25,118500,33400,22350,31400,8730,133900,168600,55900,14670,19480,3196.05
2025-07-28,114000,32700,22000,30300,8540,135200,167500,55300,14290,19230,3209.52
2025-07-29,113400,32400,22200,30550,8650,140000,172900,54600,14240,19160,3230.57
2025-07-30,113000,31300,22000,30700,8510,143900,175500,54600,14630,18460,3254.47
2025-07-31,112000,31350,22350,31050,8540,141100,168500,55200,14630,18690,3245.44
2025-08-01,108300,30750,20850,29500,8120,132000,161700,54000,14470,18320,3119.41
2025-08-04,110100,30200,21000,29000,8290,135800,161700,54300,14740,18380,3147.75
2025-08-05,109600,29100,20950,28900,8350,132200,162600,54800,14750,18770,3198.0
2025-08-06,114100,30500,20950,29150,8760,135200,162900,54400,14680,18880,3198.14
2025-08-07,113800,29650,21250,29300,8570,135900,165100,54300,14560,19020,3227.68
2025-08-08,112300,29250,20950,29000,8420,132300,162800,53700,14590,18830,3210.01
2025-08-11,110600,28900,20550,28150,8020,129500,162700,54100,14780,18570,3206.77
2025-08-12,111000,28850,20550,27800,8110,128400,160300,55000,14920,18320,3189.91
2025-08-13,112600,28400,20400,27650,7900,127200,161400,54100,14780,18410,3224.37
2025-08-14,110300,27950,20050,28000,7730,128100,163900,55700,14910,18170,3225.66
2025-08-18,108800,28650,19750,27200,7650,120800,161500,55300,15290,18080,3177.28
2025-08-19,107100,28250,19630,26950,7530,120700,160500,55400,15400,17840,3151.56
2025-08-20,104900,26950,19640,27400,7490,122300,159000,55700,15010,18140,3130.09
2025-08-21,104500,26950,19750,27550,7380,120900,162100,55400,14970,17980,3141.74
2025-08-22,106100,27300,19830,26800,7300,121300,167200,55000,14960,17990,3168.73
2025-08-25,109100,27750,19980,27200,7380,122400,166600,55100,15060,18120,3209.86
